"id","iso","aggregation","postprocess","2020-01-01","2020-02-01","2020-03-01","2020-04-01","2020-05-01","2020-06-01","2020-07-01","2020-08-01","2020-09-01","2020-10-01","2020-11-01","2020-12-01","2021-01-01","2021-02-01","2021-03-01","2021-04-01","2021-05-01","2021-06-01","2021-07-01","2021-08-01","2021-09-01","2021-10-01","2021-11-01","2021-12-01","2022-01-01","2022-02-01","2022-03-01","2022-04-01","2022-05-01","2022-06-01","2022-07-01","2022-08-01","2022-09-01","2022-10-01","2022-11-01","2022-12-01","2023-01-01","2023-02-01","2023-03-01","2023-04-01","2023-05-01","2023-06-01","2023-07-01","2023-08-01","2023-09-01","2023-10-01","2023-11-01","2023-12-01","2024-01-01","2024-02-01","2024-03-01","2024-04-01","2024-05-01","2024-06-01","2024-07-01","2024-08-01","2024-09-01","2024-10-01","2024-11-01","2024-12-01","2025-01-01","2025-02-01","2025-03-01","2025-04-01","2025-05-01","2025-06-01","geometry"
"831ec8fffffffff","TR","mean(x, na.rm = TRUE)",NA,5117.52431228629,5445.45918654741,5938.57326642097,6258.0921732375,6125.42169208952,5625.1591913,4732.88238260766,3788.17365062581,3336.57358981792,3595.43066471694,3915.24998957187,4619.96256169496,4853.40712365786,5418.2775054933,5567.46754271956,6027.32460415042,6265.3069084506,5717.50957864271,5078.1419446504,4219.53948226452,3720.47527610542,3573.27597820645,3667.18562900271,4053.97609490867,4237.8442768629,4313.53293445692,4598.6875611254,5587.72880907729,6081.61666302298,5462.49686675,4649.49640869274,4007.77909273206,3819.12458808229,3439.42194226774,2904.27107310333,3490.39225141452,4831.59202896996,4775.39113714219,5630.29918095181,6416.36393367062,6302.81048640101,4858.15747633229,4308.64311624637,3636.97817740625,3320.41986428312,3200.11030195968,3715.47581375646,4309.42120305504,4543.43214804919,5188.62975923276,6054.52749020141,6678.30681815688,5901.48591348952,4797.17310042563,4079.44701630786,3594.45951582016,3522.84951421354,3426.43318551956,3198.9169871875,3851.73503193145,4443.8190943371,4825.85432575491,5386.60720719637,6352.214541255,6284.67413508327,5313.74932633437,list(c(26.7539271369602, 26.6944483265521, 27.4188924713616, 28.2056164108437, 28.2758200328162, 27.5486299287509, 26.7539271369602, 41.4163920010773, 40.7711036215786, 40.4001410850687, 40.6715376012716, 41.3155892763096, 41.6895319427375, 41.4163920010773))
"831ecafffffffff","TR","mean(x, na.rm = TRUE)",NA,5635.70911161068,5921.15099251616,6138.11428590464,6287.80773011187,6474.9869422621,6040.52080206937,5636.82234290343,5353.37785998065,5129.63547307771,5480.44786946794,5570.26126043437,5499.74848177641,5132.01254201149,5814.35012630692,5918.52811201169,6191.49527735208,6478.62244352944,6087.60968114792,5704.26122567419,5492.78963780544,5437.25330645854,5666.34639539677,5616.06175880896,5655.7971846752,5700.04822117419,5574.83993304621,5321.321740675,5970.37953787938,6274.83068765202,5874.42387903333,5586.42754988226,5625.22562366815,5648.97946021917,5410.76539583064,4939.06085000438,5060.82241088609,5804.58908898548,5716.43097470402,6287.71284509819,6676.53865440646,6596.7119495246,5896.26509663542,5479.99027551492,5299.47622983609,5278.52175653479,5198.45350228064,5517.29522643688,5748.26695043206,5692.34420251431,5855.81723973082,6163.4480967752,6735.42841509437,6379.86498325645,5679.08197115563,5478.65870927681,5296.24057835363,5467.25097808313,5296.81915725625,5113.76047273438,5570.64757668931,5726.08595936331,5798.9506137567,5890.96998150746,6345.61637544646,6405.58669603629,5809.0268098,list(c(25.909550197344, 25.8566561527047, 26.5780163452926, 27.3554015592177, 27.4188924713616, 26.6944483265521, 25.909550197344, 40.4893833046045, 39.8386490600243, 39.4706490302752, 39.7504715214071, 40.4001410850687, 40.7711036215786, 40.4893833046045))
"831ecbfffffffff","TR","mean(x, na.rm = TRUE)",NA,5006.79640490181,5470.92060176315,5925.70002549476,6270.9813911025,6445.62569674032,5958.97254633938,5666.95397701593,5272.71042782984,4847.39088184646,4936.3360185002,5070.5320473875,5050.27679845887,4691.78413221512,5398.20231031406,5563.95285685484,6003.71813519958,6362.97146247298,5907.70941390833,5710.19494579315,5313.17166441754,5026.89243246521,5065.5421895,4998.07807144354,5214.66426192561,4949.2663032619,4960.16404829821,4259.45851398044,5944.03669155458,6125.03417202298,5742.54431795833,5577.19454427419,5475.77286308387,5113.50793106292,4781.22027009194,4257.76232236708,4666.90864532218,4700.10812630343,4543.33479666473,5805.52654333931,6515.62580927125,6634.64688545141,6044.56421102604,5548.02335306089,5318.07184667702,5092.22839630917,5006.68070817097,5173.32981233083,5418.88294539597,5329.72109468165,5440.96374375496,5897.04086126694,6595.203698085,6322.19216589032,5489.35107125563,5467.34459891875,5217.01361797419,5017.64932780042,4732.98464175282,4398.99106283125,4852.56114580686,4989.32486447379,5067.10175366697,5522.1292796877,6396.65650269729,6442.19883119516,5883.906077,list(c(27.4188924713616, 27.3554015592177, 28.0681707953134, 28.8468688471791, 28.920765617201, 28.2056164108437, 27.4188924713616, 40.4001410850687, 39.7504715214071, 39.3735597616792, 39.6433105477127, 40.291569725733, 40.6715376012716, 40.4001410850687))
"832c00fffffffff","TR","mean(x, na.rm = TRUE)",NA,718.284475520968,780.733163863362,1642.40144586734,2802.85284441,3915.7958011371,3709.63810464875,3333.39593758871,2903.9040643746,2566.44737001479,2356.32815757762,1867.12392465938,991.187226350605,359.118362202419,994.914243027009,1443.59276738589,2758.40682639688,3420.89912635403,3047.92974298333,2646.5957090996,2492.1331035502,2308.46423811771,2219.87482736935,1895.54147632354,1093.8049782756,664.259697747581,830.491331842857,1183.50797402661,2145.8799245275,3200.03412989194,3525.12605875,2798.8805142254,2406.72338127419,2204.81841717625,2179.88979308226,1907.42509710646,1581.1717179502,1210.57109960544,926.784379479018,1758.50934582722,2889.67263678333,3438.15247558145,3526.98503842083,2945.82379253629,2502.01468657802,2466.10391666437,2719.70958395323,2207.81490908021,1489.61230535464,688.519076507863,1242.31687980323,1848.40607049657,3277.35304159812,4064.55400365,3897.53910275,3363.529891975,2956.77172121895,2771.76203653438,2791.47922834778,2093.345049325,1384.7800773129,1172.32084371169,703.89130219933,1825.80986299839,3250.23243178437,4096.93181631492,3978.03323760625,list(c(43.4643237700357, 44.0449851365165, 44.5403979156662, 44.7891706964278, 44.9665803385913, 44.3855073166955, 43.8823297407064, 43.6307888392876, 43.4643237700357, 39.4831066154346, 39.0347183562205, 39.1399668625514, 39.1904262664957, 39.7963437240626, 40.2493211751277, 40.14339295749, 40.0909854866168, 39.4831066154346))
"832c04fffffffff","TR","mean(x, na.rm = TRUE)",NA,-67.0954009048387,-93.2997337771552,767.72144753246,2710.92062367937,4795.60973110887,5265.2165293825,4308.94856287339,3270.42545431613,2673.00512462167,2397.38267109758,1924.23458344687,626.824276643347,-115.642867739516,-59.1429459073661,399.444375450202,2902.70701056917,4767.24670034758,4086.11384822708,2907.10071111774,2524.99144884355,2328.20821286042,2496.54821370484,2080.1170240225,108.047165233065,-192.691557391331,-134.668088197321,31.9578984921371,2235.56871538,4700.57258338226,5521.78501775625,3934.38908750363,2688.13906281633,2359.50817149146,2607.48970388871,2402.49978258771,1845.48957493931,1168.32761884153,-29.0971060058036,1521.55776881593,3593.44412617438,5177.39909149859,5614.45230145313,4350.80993903468,2914.29159940101,2581.09937347646,2911.43997215968,2005.26716813833,994.935432975806,115.592628967742,544.094125998276,1117.00762493206,3519.49072173188,5408.13289092581,5455.248552325,4387.99523322016,3555.83747068871,3202.29653848208,3245.33859519879,1790.83859367813,304.910097945363,-17.6999630407258,-25.0948755040178,1348.12412077641,3819.58546796604,5442.72149596351,5711.08156709062,list(c(42.2759507288127, 42.1165161075194, 42.7126859832474, 43.4643237700357, 43.6307888392876, 43.0387097267167, 42.2759507288127, 40.3742189123796, 39.7622133207159, 39.3180117026661, 39.4831066154346, 40.0909854866168, 40.5379143795347, 40.3742189123796))
"832c06fffffffff","TR","mean(x, na.rm = TRUE)",NA,-167.577819125806,-309.825117076724,472.328386780847,1973.20284143813,3388.25461803145,3414.84974091062,2798.68744834415,2517.20242683387,2227.45713227833,2011.46619288427,1521.20889630625,721.677395158468,-134.779714972984,-5.20917039151786,584.077224557661,2277.52794880375,3280.35312532319,2818.43166712396,2296.97256886694,2075.15495049859,1959.24020353188,1985.3790746,1809.857751045,319.245895082258,-249.167169966935,-267.045136134375,246.888992901613,1902.72179109875,3330.65940117621,3522.33287225,2515.20307408266,2114.61889746149,1981.43296371312,2105.57956994516,1865.83807792812,1623.62756813569,774.640758425605,-52.3756377113839,1599.82848306915,2619.89249188187,3565.42602234839,3645.98136413333,2682.48934601129,2262.70979369073,2263.35915669875,2833.32432724355,2184.40590959479,1119.97711374536,-15.5942872965726,64.5045954174569,747.425698647782,2618.72589111438,4301.42877578952,3997.28330743,2965.89853105081,2634.77038345363,2486.04467716667,2594.01118017137,1710.0711291625,469.897880500806,220.968246358266,139.469989776786,1446.99507133125,2881.16011468917,4127.98893200504,3977.71073613438,list(c(42.7126859832474, 42.552712601958, 43.1375214579489, 43.8782763304502, 44.0449851365165, 43.4643237700357, 42.7126859832474, 39.3180117026661, 38.7030419083301, 38.2574255096768, 38.424022875505, 39.0347183562205, 39.4831066154346, 39.3180117026661))
"832c15fffffffff","TR","mean(x, na.rm = TRUE)",NA,-318.414826352016,-379.141642399569,-103.818251761492,1166.37670486687,3228.47512411048,3758.6917348875,3278.92129675081,2556.13726867379,2173.13393857813,1954.84591286109,1411.18102259687,443.318363532056,-124.938965167339,-97.0647515205357,405.283013158669,2074.45713384896,3608.51033955121,3216.53479859375,2494.5313386879,2117.95413122681,1891.60186979729,1824.14020409194,1508.36990223896,122.348565460685,-287.066614361492,-221.820964889063,56.6190579943548,1489.05537044667,3216.43593983085,3555.39659228646,2701.05394945282,2138.65308481653,1902.3797132075,1870.63500054032,1446.01436725854,737.213911951411,481.840976321774,-161.75232790558,801.911350880444,2000.85661812625,3383.13628503811,4005.00752364896,3004.31171461613,2392.00540235968,2180.08131385667,2192.27578811935,1201.74445126896,429.448428539718,-237.619416367339,-227.928283486638,99.0578773715726,1534.91997092688,3586.71617910484,4056.47022087875,3171.56879712903,2485.19426969919,2286.65439014687,2340.36851655746,1270.86733443125,481.153676818145,35.5074646826613,-138.646349210938,767.643981042742,2026.09567635562,3964.71343698105,4450.36913024375,list(c(43.1375214579489, 42.9771146694805, 43.5508921089003, 44.2809987132797, 44.4478598720631, 43.8782763304502, 43.1375214579489, 38.2574255096768, 37.6398830151809, 37.1933431033993, 37.3615344931595, 37.9746583094477, 38.424022875505, 38.2574255096768))
"832c22fffffffff","TR","mean(x, na.rm = TRUE)",NA,254.065438262298,186.467413896336,760.86062065121,2413.60138146375,4315.55879045081,5393.43140613875,4741.7360279375,3696.54455122298,3152.11677804062,2739.53244892883,1947.58513015,843.539746258064,396.615158031452,293.431910793973,589.158609650605,2569.158292715,4236.68599765181,4163.50727620313,3579.67495907903,3424.2430318002,3118.81913043729,3063.21855953871,2424.34097284833,643.772785072581,67.9381298300403,157.920032672321,54.529034058871,1739.21680884896,4147.88194725484,5657.59811841042,4480.15025054194,3336.91666310302,2892.09619118479,2771.01787614032,2364.6870032375,1841.6045758121,1247.59934125363,116.529793358705,1080.84527807944,2527.25460915271,4371.00114062964,5688.07405823021,5101.47035125081,3849.25880486895,3236.21433035208,2982.18005437258,1579.14527015812,875.412843138911,194.842450314315,512.923893570905,860.527897816129,2931.6073010525,4781.97194433629,5484.93489436375,4943.15961050685,4162.49280727944,3800.86422257646,3478.44922465383,1051.255127775,-108.663869385484,6.8157336953629,-44.4127411678571,745.846992279435,2987.37173658688,4937.20277305222,5562.63630084063,list(c(40.8970584893009, 40.7451127812702, 41.3565759197092, 42.1165161075194, 42.2759507288127, 41.6680793293101, 40.8970584893009, 40.6439567303583, 40.0280296942282, 39.5885589849222, 39.7622133207159, 40.3742189123796, 40.8165136082675, 40.6439567303583))
"832c23fffffffff","TR","mean(x, na.rm = TRUE)",NA,664.415195955645,557.089177988362,1426.61251245262,3187.43847461938,5292.8362145,6436.1335242,6567.36099356734,5617.43832023669,4728.22609867812,4070.43959543649,2275.13999730312,1178.08529755988,823.768397881855,734.502768334821,1063.07417180685,3320.50246854833,5411.03927436673,5698.09704533229,5356.12349019436,5254.57246437379,4976.38702053417,4509.20367577742,3272.65094265729,810.772562612298,252.091509344355,507.0956526125,541.304382978024,2530.73529750604,5102.82604243367,6732.35518650938,6130.53895418548,4802.84190154819,4009.15676030354,3552.90055025484,2778.88216092188,1581.06229270625,1130.92576695222,387.9614206125,1615.02118786452,3572.23110316271,5363.56120052782,6751.85559106458,6766.82455158105,5414.06284314536,4567.69439817937,4170.73181294355,1951.72040293417,1140.11832631855,507.264365167339,675.685546471552,1081.13910169274,3407.04060266625,5541.86153315726,6794.529653415,6643.66647944556,6016.58119276452,5613.42140909458,4245.55417145161,2356.20780071875,572.240473394758,555.170201953024,465.25771682433,1344.91724913528,3758.90931735687,5754.78896266431,6583.98721782812,list(c(41.8268615655326, 41.6680793293101, 42.2759507288127, 43.0387097267167, 43.2048321151657, 42.6009834031114, 41.8268615655326, 41.4251746952869, 40.8165136082675, 40.3742189123796, 40.5379143795347, 41.1425987676357, 41.5875849885316, 41.4251746952869))
"832c26fffffffff","TR","mean(x, na.rm = TRUE)",NA,768.962576804839,759.166537409483,1784.82868556069,3375.77241235063,5049.70604677742,5908.27571985187,5469.00629552641,4937.65125718468,4594.23495759917,4022.99274048226,3102.49159114062,2099.86897130262,1337.59967568165,1241.06705142813,1471.36788077036,3234.78401194667,4904.02374136593,5351.97774203229,4860.28740248669,4741.41588009536,4542.10571465979,4262.56196375323,3456.11070312917,1627.79977919919,488.677111105847,767.974821371429,599.553853611694,2635.60265251104,4707.00239092621,5783.70818178958,5260.56044667782,4745.03582499194,4527.64121435875,4090.38181309516,3526.86414101937,2441.34999978125,1721.79242007399,886.641263499554,2112.07665384314,3534.80002880104,5029.68306333246,6352.69811788229,5913.65786855887,5172.01044300585,4671.34783352896,4166.14738009355,3055.03779848271,1803.9494890748,914.743607499194,1553.64121834052,2045.9904473627,3795.23018459937,5315.53779746694,5917.44109479813,5806.2960215373,5185.73977053145,4830.29004701125,4191.54699681895,2177.707951625,1064.36083622258,1024.61917166089,477.925218686384,1515.83485365806,3571.95160799312,5283.70647669738,5935.88604620313,list(c(39.495104547863, 39.3511003130491, 39.9775700719536, 40.7451127812702, 40.8970584893009, 40.2736410651418, 39.495104547863, 40.8993069268395, 40.2796799881341, 39.8454833330193, 40.0280296942282, 40.6439567303583, 41.0810630854885, 40.8993069268395))
"832c30fffffffff","TR","mean(x, na.rm = TRUE)",NA,2023.56332712097,2383.68490812586,3540.10714194919,5182.0835648875,5312.06751775484,3881.61850073375,3218.18500301694,2860.94641943347,2629.98173028042,2505.28268475363,2596.00286455,2400.89005755484,1657.48674743427,2656.66937831585,3661.45608565323,4864.33063399062,4276.36807860625,3142.96846398854,2745.74634958548,2619.41222611835,2437.16808490688,2354.42189403548,2396.09705648854,1933.66970402722,1855.59437663004,1982.20733373036,2879.00308336472,4081.98628014125,4811.50455950302,3619.30637590729,2906.24159276089,2675.40820951895,2492.13401294458,2557.62807653548,2562.79238427375,3088.99267108024,2930.76067055968,2099.3319130029,3673.29675033669,5279.02994127021,5099.73719275645,3780.60690244583,3169.48672241653,2885.61798840726,2774.26971262542,3010.06701251129,3281.34191723458,3354.87153582782,2956.65540405262,3628.57723837651,4434.30071466452,5548.7502907475,5000.69317695806,3642.22878750875,3165.03393370726,2887.19178589274,2848.11476541521,2769.40470319859,2048.71245878438,2061.16157184577,2130.13042426371,2254.19477728996,3504.79014728952,5163.23128975438,5057.27148718649,3825.83137692187,list(c(40.4470285070676, 40.3008203618087, 40.9039383007532, 41.650108495359, 41.8036299035521, 41.2037826009094, 40.4470285070676, 38.7860659376239, 38.1602942774179, 37.7219597207466, 37.9064172956122, 38.5281812559811, 38.9695163081284, 38.7860659376239))
"832c31fffffffff","TR","mean(x, na.rm = TRUE)",NA,-235.476274771976,-351.30029861056,533.436007642137,3205.99086622187,4906.9717049629,4853.41862370187,3513.14750788125,2764.72759195484,2414.60294657417,2224.88063022984,2284.31068633438,1500.86163072157,-163.065577542944,146.057655742857,983.523778424798,3369.74974007458,4739.98916716915,3676.25166865729,2589.92834712177,2328.70952097802,2149.09194170396,2105.04462987742,2146.77609745937,385.872769160282,-289.127020706048,-328.887940093527,7.19663704778225,2412.02487411833,4660.99375191633,4747.36587942396,3155.06588694113,2449.99742826956,2236.73537809396,2396.52088377258,2453.00580407042,2316.78427816411,1489.79245683548,-161.41108943683,1812.50822745262,3955.19238139417,5337.50394820847,5117.31137233542,3500.99906220887,2669.15205724133,2497.66483585146,3084.26925247258,2981.0039890175,1867.30300996855,409.78629982379,981.91698479569,2013.70286433185,4319.6081849275,5764.684103575,4908.11038071312,3332.02480391552,2749.47368850726,2644.66151252729,2952.48944140262,1228.56157724688,337.389955340121,63.9629393139113,-70.3944241533482,1436.94379653911,3957.229911495,5561.82306286411,5358.97874938125,list(c(41.3565759197092, 41.2037826009094, 41.8036299035521, 42.552712601958, 42.7126859832474, 42.1165161075194, 41.3565759197092, 39.5885589849222, 38.9695163081284, 38.5281812559811, 38.7030419083301, 39.3180117026661, 39.7622133207159, 39.5885589849222))
"832c32fffffffff","TR","mean(x, na.rm = TRUE)",NA,3014.6064329504,3594.11353838578,4588.03117057823,5630.905955965,4227.81166556452,2535.62790014,2254.98440414194,2130.97600098024,2053.87113581729,2017.45589764415,2233.01164439375,2353.0187593996,2486.1151204125,3002.67764680737,3815.3754887377,3852.48739332125,2627.31350987077,2062.21237251563,1927.97537856734,1971.24472255565,1923.45403687917,1959.76768650161,1935.3338712075,1986.31142278468,2017.72752401089,2350.41564842277,3145.90715146694,3574.48639237,3198.30019227218,2143.63221511458,1896.56525876573,1849.81274364516,1804.28665048292,2016.79383509194,2165.63070816063,2480.23200147681,2608.70050720786,2734.27266711049,3901.01298048851,5002.44529261979,3449.82777766169,2259.36193642708,2054.78778435968,1988.59162504839,2057.34503002167,2171.20783806935,2426.75684584375,2948.2880343625,3709.67937806552,4387.62068173728,5258.05419058649,5269.69265622937,3329.2903647871,2274.09724546375,2103.23763107056,2030.43282235927,2057.90942787688,2082.62909205101,2096.54692741563,2173.08779612681,2233.49393176371,2462.87891251094,2898.42714449819,3387.86232843417,2582.25476156109,2009.71393821562,list(c(40.9039383007532, 40.7568198348386, 41.348740108146, 42.0845301138958, 42.238668442409, 41.650108495359, 40.9039383007532, 37.7219597207466, 37.0937220854963, 36.6540805443378, 36.8396377151438, 37.4637182521752, 37.9064172956122, 37.7219597207466))
"832c33fffffffff","TR","mean(x, na.rm = TRUE)",NA,515.043499645363,575.662926079957,1535.46514959657,3223.44758899938,4537.53309671452,4018.79925556813,3513.05252093649,3097.09083860524,2803.89718205104,2572.03578408165,2405.11508589375,1760.83404054153,688.840751644556,851.372610001563,1471.14468903669,3232.86957781208,4013.18766201008,3382.09760832083,2902.99888020081,2714.5582879123,2515.27762464438,2441.53930158065,2356.46146650625,1100.22770399234,451.899001966734,753.360915003348,948.109583186089,2583.67444039229,4031.62024038024,3805.59839123958,3043.58862130161,2706.75249369617,2512.54417098646,2678.3971708871,2534.27148738083,2316.98351740887,1769.33492780081,502.741594570982,2026.26136145403,3627.62899133292,4370.33821199254,4071.08698038229,3308.40907234436,2913.08177919194,2876.91323809542,3238.85115630645,2806.92372615875,2092.29811317702,865.487152140927,1388.24583716056,1962.33695977157,3687.46340281438,4646.60077507419,4096.49216211375,3308.59612180726,2973.63033771492,2887.30385565771,3000.67130366109,2203.66832541563,1441.84458843004,1230.35986275403,882.593077457589,2063.20627205746,3684.37417990104,4683.21662686411,4234.35240758125,list(c(41.8036299035521, 41.650108495359, 42.238668442409, 42.9771146694805, 43.1375214579489, 42.552712601958, 41.8036299035521, 38.5281812559811, 37.9064172956122, 37.4637182521752, 37.6398830151809, 38.2574255096768, 38.7030419083301, 38.5281812559811))
"832c34fffffffff","TR","mean(x, na.rm = TRUE)",NA,1621.27641693488,2015.62742408168,3026.83052978589,4390.35271790375,4717.6773817129,3601.57587074875,2937.70907578629,2693.70021441734,2558.76831613375,2535.48534421573,2687.89376672813,2731.47855967762,1817.78868470524,2755.33820534732,3436.78965284073,4158.0993376925,3839.57569122298,3002.94061728958,2640.08273608952,2552.22421413548,2447.384359325,2317.38649408871,2493.07479480917,2468.14071691855,2109.61960241109,1627.21017581964,2536.03099497379,3684.29080627563,4424.59687228367,3578.99593017396,2829.68178527056,2568.35805237379,2508.30028934208,2492.68314995323,2611.44372316333,3029.86702114839,2312.8933401881,1396.00089082656,3374.50524479415,4686.77586026437,5122.2590638756,3970.65797518854,3107.63287915363,2861.63740317399,2739.65831027396,2783.19877540323,2810.36869258979,2937.93944785181,2438.11140752681,3082.33346049375,3738.75759126593,4707.01593145188,4575.74623360484,3428.5968063175,2949.43166625,2712.94723998226,2696.55907031292,2537.23938779315,2001.45862763438,1959.78863748286,1947.52200035544,1648.27321416004,2885.1140955252,4418.92419418729,4837.1355369246,4025.05960336875,list(c(39.0686912195061, 38.9302175967464, 39.5476026907336, 40.3008203618087, 40.4470285070676, 39.832397021184, 39.0686912195061, 39.030236543477, 38.4006874134204, 37.9672401121948, 38.1602942774179, 38.7860659376239, 39.2225856230016, 39.030236543477))
"832c35fffffffff","TR","mean(x, na.rm = TRUE)",NA,87.2569376334677,-18.7444310176724,559.965055759274,2743.39810626375,4726.09095710565,5213.00191463313,4367.77462183891,3477.61516964113,3130.28076767563,2912.4432810131,2468.2726488625,1289.63271079919,170.202365619758,127.4391432625,626.638133027621,2963.87504100437,4379.7950895631,3972.98510525729,3317.88285330242,3055.48310774355,2849.99880239667,2699.96698988548,2273.95409146042,333.752769872177,-137.875329802419,-184.601730348884,82.4723934820564,1900.79561106167,4161.6137328875,5062.69530982708,4074.03045349718,3279.95364953226,3038.67375692042,2871.71404558065,2495.83956818688,2169.68192295786,1221.21023836895,-87.2471132395089,1332.24968913669,3182.88034974021,4757.43881956593,5513.32244162188,4587.344529425,3719.03003093407,3346.93116550479,3412.44589190484,2184.43223955771,951.84896961996,0.825471825604844,493.278278798922,1003.35762309194,3459.58066320875,5207.15039610161,5144.21466878812,4274.64202483407,3513.11502769355,3305.71967985771,3199.13261157077,1045.52745510937,-10.8409363381048,-16.09098898125,-90.9883001926339,894.159694865323,3229.76961757292,5131.43632095625,5485.27138711562,list(c(39.9775700719536, 39.832397021184, 40.4470285070676, 41.2037826009094, 41.3565759197092, 40.7451127812702, 39.9775700719536, 39.8454833330193, 39.2225856230016, 38.7860659376239, 38.9695163081284, 39.5885589849222, 40.0280296942282, 39.8454833330193))
"832c36fffffffff","TR","mean(x, na.rm = TRUE)",NA,3532.69453466169,4174.71904381724,5483.78241757601,6292.04135642937,4855.34294654677,2638.45206800438,2459.71920424698,2713.98646301936,2679.92562525958,2421.35106114919,2548.769824925,2870.73860719194,3066.58620102843,4610.03132193504,5424.53086926169,5453.92292252667,3696.84927442581,2285.67580335625,2358.20557045726,2880.65226134637,2832.77075387083,2566.35231371936,2244.5389936925,2270.15826736048,2470.7279748248,2962.36195346652,4322.57617456593,4922.6351785975,4417.89559779375,2556.63957621146,2411.01566273306,2960.63628757782,2994.84779294375,2779.46841055323,2820.03598066375,3251.83081647218,3442.3044664627,3692.39615794174,5048.6353393123,6317.61323316854,4969.25281479194,2768.56494680833,2528.57018475282,2999.69264162742,3175.34775441042,2911.18322167581,2788.79039129979,3318.24076971149,4200.60385375181,5043.96460284073,6036.09930292984,6337.78097083625,4431.5692451621,2505.82287010563,2500.38702876431,2785.06035908266,2881.94728418708,2517.12614327863,2340.7103629875,2537.67852347177,2894.87638195867,3478.60026700737,4659.46761138468,5487.81778555667,4427.27544335706,2741.82829647813,list(c(39.5476026907336, 39.407914518024, 40.0139039053531, 40.7568198348386, 40.9039383007532, 40.3008203618087, 39.5476026907336, 37.9672401121948, 37.3350712962753, 36.8998654957484, 37.0937220854963, 37.7219597207466, 38.1602942774179, 37.9672401121948))
"832d00fffffffff","TR","mean(x, na.rm = TRUE)",NA,3548.73462120786,3674.03764681875,4576.01353402903,4996.17471574875,6132.01729950484,6606.73251221313,6342.27361201431,5814.862004525,5301.83398042625,5263.40311785968,5088.3323073875,4836.42070409435,3482.02692979194,3842.25446518326,3600.38383762137,4771.48649798104,6061.12275207056,6735.56374885833,6296.3841532629,6171.12287574778,6124.33349986021,5572.51972244516,5255.10998524562,4173.03412774294,2145.42278381956,2896.06258417098,3102.99041239194,4561.35346124104,6114.23674837782,6663.64381744375,6506.5131354375,6172.52098379698,5939.03635286271,5514.86135747903,5108.98543186896,5106.38477868004,4371.0924971244,3332.67791777522,4850.18755500746,5504.63972433354,6447.12555728427,6889.17305765417,6495.18533612742,5962.31959828468,5622.15534272625,5304.26525178387,5090.74826141896,5102.07014772359,4365.26745475706,4824.64715031875,4870.38276711331,5710.8354778025,6593.6161354879,6258.41978396938,5933.53613220544,5929.92056823145,6227.30814767042,6122.34329626411,4895.49824103125,5015.04979636815,4882.78615427802,3423.55596578013,4458.2945191379,5632.13778889042,6365.7972056627,6681.20469189063,list(c(33.6815415148526, 33.573564788189, 34.2556932992006, 35.0453665833604, 35.1629521552124, 34.4813569674416, 33.6815415148526, 41.7600228130055, 41.1281267276426, 40.7202938420602, 40.9412906930812, 41.5705292959305, 41.9814685777205, 41.7600228130055))
"832d02fffffffff","TR","mean(x, na.rm = TRUE)",NA,2057.07342455282,2317.21812916164,3135.61061750706,3967.85574204687,4735.85625736774,4577.16496147187,3670.23941650867,3155.62347532097,2889.71956010437,2707.45987149657,2556.1895106,2445.31168710645,1992.64861784698,2301.99499779286,2516.8239139244,3701.98331460125,4600.08703678448,4617.13416465313,3658.3417927129,3262.4107666496,3128.54222698167,2871.78522322258,2766.05195822125,2866.15824946815,1203.43160377964,792.1149056625,2347.33029519254,3244.95839246375,4815.76920478911,4837.73673240208,4144.10347554556,3475.18517599899,3161.90507825646,2941.84555253387,2613.26575122437,2834.61279990222,2407.45763215907,1986.66868627388,3409.07533922056,4616.54177478208,5568.8669692244,5433.34517659271,4333.9007201125,3569.66195507258,3254.59611357583,3003.39793420484,2740.94122883458,2929.09133254556,2642.9394924379,3227.34748549181,3837.1860994871,4452.69244702625,5260.1317750371,4490.0196027475,3643.3574768375,3335.96602777056,3430.76212146521,3331.70978349819,2329.04819075937,2837.87871702964,2768.64404183528,2243.98424698862,3320.47256585323,4657.06258109,5281.40835789254,4948.32053916562,list(c(34.2556932992006, 34.1451788855274, 34.8149784185332, 35.5946153105775, 35.7143883720135, 35.0453665833604, 34.2556932992006, 40.7202938420602, 40.0844744378635, 39.6724388883566, 39.8931090412894, 40.5261036621726, 40.9412906930812, 40.7202938420602))
"832d03fffffffff","TR","mean(x, na.rm = TRUE)",NA,3432.88593731129,3925.01132793017,4419.58674747056,5154.20507592375,6271.04260132903,6356.04381421937,5940.74908355988,5477.02238780927,4894.83740074917,4482.29233910242,4277.47234920313,3961.65131064859,3431.66389793468,3353.54805357121,3992.46536718871,4980.15377449021,6411.20459798468,6611.42758386667,5918.23638444839,5794.96625259012,5620.94708975688,5171.21704365645,4622.99507022958,4461.81195031653,2227.19610733306,2736.93453235201,3165.07727442661,4556.35039281229,6417.29588827984,6641.66575138542,6221.33181932944,5760.11534202964,5427.76299181187,5172.15433630806,4628.71031399708,4687.44995784315,4167.28777429234,3376.5410869875,4984.65926032661,5885.16485700375,6780.44015640423,6786.93227343854,6356.8468034996,5840.83538564234,5504.95024977375,5257.89668067903,4669.63532489708,4321.59365784798,4033.93462995585,4614.94932536918,4994.2577889381,5855.45229347188,6698.59570535081,5920.65225358125,5658.32278155403,5505.43846282702,5505.19531087563,5603.6787467994,4549.8837037125,4533.52905938145,4391.62886142379,2864.17882906116,4534.58015302157,5942.85991991937,6705.91263589153,6571.89321495625,list(c(35.1629521552124, 35.0453665833604, 35.7143883720135, 36.4998924458811, 36.6267001867632, 35.9588897591482, 35.1629521552124, 41.5705292959305, 40.9412906930812, 40.5261036621726, 40.7371093127485, 41.3634074805156, 41.7816771342925, 41.5705292959305))
"832d04fffffffff","TR","mean(x, na.rm = TRUE)",NA,4079.79748270847,4370.46225303276,5342.48420605282,5960.855328375,7299.47881382097,7736.15312051125,7590.66146192863,7053.33072219879,6551.35328978187,6503.1239240373,6010.1613858875,5549.85585276694,3594.35957495323,4689.51929455335,4296.68416543306,5535.04449902688,7184.07519610222,7826.39813204479,7560.07364883629,7374.88272747177,7092.74397309042,6459.50658401774,6054.40515786125,4539.64390766653,2630.61472053891,3481.57698705067,3882.9133539375,5789.18506826542,7184.98056229637,7735.96923350417,7671.09795737742,7403.33981137419,7127.43109699958,6424.58018474032,5763.37634592875,5787.77813769637,4971.2209022373,3748.53674661384,5622.39095905948,6488.50075438792,7438.29231123851,7854.96275344688,7609.13280828266,7131.32523574274,6882.35933308958,6489.79735934839,5957.26904795479,5950.3393673502,4993.63045781633,5531.38153494375,5546.31737941411,6736.85928925375,7631.65099052823,7315.00903885063,7156.47317034093,7059.70738543186,7059.85444822937,6779.46968340464,5936.71856581875,5531.51840503185,5604.60716021774,4317.5762197375,5365.76896035544,6383.59368322438,7210.09206014274,7604.0498655375,list(c(32.1841609307761, 32.0861522587572, 32.7807222959211, 33.573564788189, 33.6815415148526, 32.9868011862545, 32.1841609307761, 41.9312004263587, 41.2969433276307, 40.8969402063437, 41.1281267276426, 41.7600228130055, 42.1631365558467, 41.9312004263587))
"832d06fffffffff","TR","mean(x, na.rm = TRUE)",NA,1642.47314027117,2050.14214464978,3029.2065445496,4026.38751625875,4800.04625279758,4553.21564269125,3910.8678793496,3272.95478298548,2999.84865670896,2894.68161552843,2897.5034887625,2826.61054664436,1713.26403815161,2372.13858022321,2572.37089360968,3816.43464124667,4352.12159003609,4390.52807188854,3781.68085989274,3336.51379291391,3207.36744360396,3082.45936168871,3026.10879632729,2369.38120066875,1422.73047884133,1267.31945272411,2383.94584041976,3463.86530425104,4426.48900873669,4589.07118480833,4103.10331284839,3573.0554877246,3290.25072875833,3056.59733008387,2849.06853323875,2878.96602689476,2442.51697155181,1992.44645622277,3218.18756278589,4306.25856598229,5181.64848821976,5148.68761559375,4099.01178969153,3298.26054133589,3125.34081168,2972.24671810161,2806.94435923729,2938.3762630994,2709.53973450444,3158.44213501509,3763.34465145302,4471.18380226688,4869.88280407016,4191.77863869875,3454.24853489032,3303.73741763548,3468.70990801562,3302.35395668448,2667.7866783625,2487.96785544274,2857.95621085423,2517.0532383654,3216.58293091008,4261.75348535667,4732.19329487702,4601.87503281875,list(c(32.7807222959211, 32.6798248667835, 33.3620593648086, 34.1451788855274, 34.2556932992006, 33.573564788189, 32.7807222959211, 40.8969402063437, 40.2585904108818, 39.8539165470676, 40.0844744378635, 40.7202938420602, 41.1281267276426, 40.8969402063437))
"832d10fffffffff","TR","mean(x, na.rm = TRUE)",NA,864.742305771573,1129.71879942823,1969.31131356331,2967.912959985,3379.27345003468,3070.65591730375,2753.956803325,2463.4057838125,2216.46766448479,1979.99560742117,1859.41215995625,1911.19210256815,1540.2505111631,1867.46510970558,2226.02050757722,3224.40029244062,3266.72305959133,2798.81853261771,2514.46222223185,2411.92731361976,2255.12530957375,1990.24921692742,1881.19020364208,1702.03867820444,563.593208883468,653.324034273438,1507.12358930565,2429.74649191188,3146.10530408327,3177.64475017812,2838.9945036496,2478.10934092258,2241.71460879875,2034.42493547258,1939.13120842458,2037.91591217298,1663.51062830282,1262.66921836786,2554.10134018185,3417.18194366,3769.72923291351,3509.02500724688,2963.51238552702,2631.55819085101,2378.38030408771,2197.33651681935,2113.35831424521,2270.66824664335,2130.96021255101,2538.17948040668,2951.39053228629,3515.1260879275,3623.36185916048,2951.53645857812,2722.62555443165,2517.66052352137,2268.24116608563,2049.38570193367,1602.60595881875,1742.45122875927,1840.34342265847,1422.385714275,2310.93774856351,3129.31061269646,3692.34345693085,3324.72651914688,list(c(33.9286323609597, 33.8225415638648, 34.4808899866522, 35.2448248341006, 35.3598643664889, 34.7021132233685, 33.9286323609597, 38.803055507648, 38.1577432646254, 37.745305264251, 37.9749397592203, 38.6173842908578, 39.0330985763618, 38.803055507648))
"832d11fffffffff","TR","mean(x, na.rm = TRUE)",NA,950.976730464718,1124.26882895884,2251.94969516573,3327.43034922,4097.04122527097,3888.38401395688,2980.12034610665,2572.66510894113,2453.42843982042,2249.12890572419,2086.81367611875,2088.69194589637,1413.40040801411,1800.62941371406,2181.57541790544,3272.94314198,3982.10395049436,3609.84699394375,2763.96726222823,2518.42267100081,2483.31622767708,2309.82405548065,2207.99059539771,2002.57260856512,638.752438762097,590.429700812277,1705.29715849153,2641.58727404479,3707.68288178407,3666.83932921979,3074.66627056331,2549.27201924456,2374.67255544687,2314.69929240806,2259.05038453812,2409.12969599698,1995.45992478871,1573.67660130112,2901.25205407238,4014.95865683083,4774.42799886472,4338.85661692604,3231.42568288468,2658.65762652964,2500.16464197396,2449.71409472903,2466.0387864725,2705.02194887177,2386.49161808931,2796.81371123082,3267.52445538185,4152.958867485,4639.26526137258,3735.71797284687,2905.69492324294,2558.2965479746,2468.32431203333,2359.19967359839,1867.93353935938,1859.06636755544,1872.80498883226,1339.89552051138,2381.53081943891,3768.02928683167,4563.42429064133,4322.04230670938,list(c(34.8149784185332, 34.7021132233685, 35.3598643664889, 36.1295780477436, 36.2513640245768, 35.5946153105775, 34.8149784185332, 39.6724388883566, 39.0330985763618, 38.6173842908578, 38.8378419585254, 39.4741909052583, 39.8931090412894, 39.6724388883566))
"832d12fffffffff","TR","mean(x, na.rm = TRUE)",NA,3084.83685037339,3610.95033514655,4005.40988791391,4455.19974357062,4452.78969174355,4369.26084172875,4099.32835232782,3863.68695296532,3649.67910188104,3487.12791700625,3549.64167594375,3685.15674705605,3765.97376300585,3930.01743188973,4139.04773279758,4441.41626544437,4253.31608956411,4073.46368504583,3816.34296500766,3666.19160412399,3587.92203100521,3436.23576647903,3524.77261549042,3435.39647414798,3014.57496407157,3067.83755471563,3480.43339809153,3718.08910758937,4148.79185257379,4381.70040904375,4042.64286865565,3734.0222241006,3517.54522272937,3435.55440300161,3527.44288822313,3858.43009804536,3849.0422061748,3576.01443431629,4058.21620877278,4310.07714648729,4475.50257994335,4546.93153227187,4021.38708683065,3724.82926132399,3707.01509813354,3714.59938536129,3803.9744069925,3924.77353735887,4310.46435314718,4300.51786181034,4364.17704381835,4418.61488221812,4676.03840479597,4141.615813305,3985.38984707581,3845.18085245484,3777.96917838375,3562.24806038185,3487.837751025,3492.2268793371,3726.84495940645,3680.3898286558,3797.7455084254,4049.37593540167,4492.57933979032,4321.1977114,list(c(34.4808899866522, 34.3724739514069, 35.0192692039987, 35.7737579216213, 35.8908053010195, 35.2448248341006, 34.4808899866522, 37.745305264251, 37.0971516975635, 36.6816324589777, 36.9109567346151, 37.5560761706642, 37.9749397592203, 37.745305264251))
"832d13fffffffff","TR","mean(x, na.rm = TRUE)",NA,818.27669456996,1067.13283500453,1991.63832846633,3351.94929560562,4152.6517415871,4071.88490821187,3443.63035529899,3116.03735304113,2978.83624418896,2903.35238930827,2853.75588474375,2657.93126744476,1285.38911710323,1387.22968863906,1830.03530414194,3300.30417916688,4013.91016830827,3909.72504762812,3369.69022634718,3149.65903542198,3075.58859822854,2817.51999048871,2799.91501802729,1438.28135696069,628.228212639718,735.806758053348,1362.55119166472,2831.06868176312,3910.99822860242,4129.68831803958,3593.04149874677,3148.17687049335,3034.27682220063,2954.77618445645,2957.37080934396,2664.23905459939,2204.01544581351,1150.3145903471,2834.05938050867,3754.00814467979,4524.2213729746,4578.90908595,3857.94298595524,3343.20649543972,3236.56074210479,3248.61168793065,3354.86823888521,3244.54116710625,2715.21705050786,2979.22723433082,3265.28541710484,4085.49375926875,4690.19620088226,3966.68608456563,3532.44545709294,3255.11297626008,3183.93875803833,2997.11206267218,2050.74101419687,1808.85965860302,2111.64814491169,1481.11579185692,2268.38977832702,3344.91002063687,4568.19435112419,4449.777255775,list(c(35.3598643664889, 35.2448248341006, 35.8908053010195, 36.6507152816208, 36.7743498454036, 36.1295780477436, 35.3598643664889, 38.6173842908578, 37.9749397592203, 37.5560761706642, 37.776427207334, 38.4157152706135, 38.8378419585254, 38.6173842908578))
"832d14fffffffff","TR","mean(x, na.rm = TRUE)",NA,1666.4014841129,1790.7440625125,2232.3478122248,3225.08221048312,3256.1987897129,2576.99874068125,2255.22830058185,2069.1997104004,1914.44580954063,1625.32024114415,1501.79908896563,1535.73358137843,1648.46376249194,1696.96231934241,2007.39381594254,2582.80966790729,2543.32670500423,2147.66633338854,2054.49708343508,2009.98538445907,1873.47791928729,1623.14032128871,1482.06323849229,1417.75897821069,610.147887584879,1010.11459728348,1543.4524306625,2041.79882757479,2505.81080311835,2480.52047618854,2268.33290491371,2053.5678980369,1818.10526597687,1597.30714294194,1523.41158751396,1666.11547902681,1319.93854924859,1089.05617967723,2239.09922329113,3059.04238096938,3161.09397953649,2780.57964423854,2442.60665826976,2201.01834301048,2018.34665541167,1777.22184015,1729.14497221771,2145.98573713931,2395.72537960544,2593.97732508987,2996.61484066512,3287.54549014937,3000.9905903379,2297.49585932563,2181.56372484617,2100.33859734919,1809.97841983146,1559.55766964294,1146.45665594687,1667.92315401593,1753.33495764093,1662.22454032344,2004.30922088629,2677.95932894,2594.47852500867,2231.92731875313,list(c(32.4821706635634, 32.3853587769539, 33.0554825624456, 33.8225415638648, 33.9286323609597, 33.2584714088546, 32.4821706635634, 38.9720746181609, 38.32419732668, 37.918647494647, 38.1577432646254, 38.803055507648, 39.2118766973788, 38.9720746181609))
"832d15fffffffff","TR","mean(x, na.rm = TRUE)",NA,1647.9393391381,1760.90455007522,2533.26280032641,3724.75425632563,4173.838843325,3246.0708657775,2338.96863647581,2043.27829871694,1986.28871378292,1869.4141577754,1797.965022275,1878.14561388065,2016.58100803367,2191.86761587366,2456.53337052056,3510.35785688771,3539.36934831613,2794.44248336042,2179.44768652339,2048.47834030988,2015.05397724938,1943.76289429032,1906.69741821375,1989.8651277996,1183.35939000565,1297.12135985804,2201.85728961694,2679.14192923917,3437.84106686935,3179.98786267708,2575.82941464314,2199.41278366633,2098.68920042312,1923.65541545484,1831.471705575,1994.14994434355,1732.2068681631,1605.46793938058,2772.37356537298,4045.07273010917,4518.45239897762,3860.83834724062,2750.15722164234,2265.13270596935,2182.10832984375,2084.69252936129,2054.55079484313,2404.75114358891,2546.95294156875,2924.96687432694,3578.04650411673,4255.36957158563,3909.22547851129,2809.17330005875,2229.67923584234,2132.73110964839,2123.34880239146,2118.25569184778,1511.09613502187,2116.82929005141,2211.9463004881,2202.44594321161,2808.1031580502,4032.89905306125,3997.1443927127,3255.90734889062,list(c(33.3620593648086, 33.2584714088546, 33.9286323609597, 34.7021132233685, 34.8149784185332, 34.1451788855274, 33.3620593648086, 39.8539165470676, 39.2118766973788, 38.803055507648, 39.0330985763618, 39.6724388883566, 40.0844744378635, 39.8539165470676))
"832d16fffffffff","TR","mean(x, na.rm = TRUE)",NA,1062.69224995948,1431.59250129246,2041.19267852157,2835.13078861437,2903.86701527097,2725.861385575,2716.88087392379,2529.62430094798,2266.06947297563,1936.79650873004,1794.08523732813,1781.10766151472,1740.81728697641,1693.60064827679,2132.45610862016,2758.75196302271,2683.5787044619,2580.65837183646,2525.05551125363,2441.82150928186,2234.94835839875,1893.96825335323,1762.50003275729,1594.37476557843,444.252225729435,915.975264172545,1432.95001314758,2154.63349513771,2625.12126959456,2883.50205527396,2832.9552047754,2571.20028994879,2253.93201509667,1978.2007845871,1882.61393671167,1877.71438520645,1430.16768501149,1055.72209375469,2091.42125989738,2600.95436180813,2830.93137590202,3036.18312002708,2950.14618974073,2735.84244380907,2464.30451288438,2179.75283907419,2005.26645196146,2031.72554815343,2180.0100458381,2189.40635835841,2530.90412323609,2864.55990640437,2999.52257014677,2721.5401749875,2706.72200547097,2608.28035515605,2233.11732061,1875.2488586246,1549.12803098438,1614.04782099093,1605.01418822137,1378.66604396741,1967.70551511895,2604.39192370292,2793.00684103286,2697.87145534062,list(c(33.0554825624456, 32.9560268753713, 33.6145837232131, 34.3724739514069, 34.4808899866522, 33.8225415638648, 33.0554825624456, 37.918647494647, 37.267759321019, 36.8586640166406, 37.0971516975635, 37.745305264251, 38.1577432646254, 37.918647494647))
"832d18fffffffff","TR","mean(x, na.rm = TRUE)",NA,229.336895434879,394.742515546767,1668.11506700746,3101.03175455688,4449.09530618306,4901.42348137,4092.12406148992,3510.20437329032,3253.31957401625,3007.06136327984,2817.57031409375,2406.40164359476,976.490921096371,781.063458092411,1445.24675664234,2944.59514756875,4082.7056944744,4211.13048206354,3702.84636215927,3406.99285517984,3372.18464660583,3053.59027664516,2895.37859888083,1191.68783120565,15.8047922808468,139.477277037723,804.646511541331,2592.02972520187,4388.36692893347,5027.88589376875,4298.68126892056,3537.01003829899,3257.98574448646,3159.07609710323,2944.06014210687,2908.64706266593,2063.48642599496,519.752180408259,2352.44650399839,3475.49376966917,4859.38572179456,5612.45095525937,4769.02367379153,3877.56443601673,3594.87451011271,3319.32421140806,2769.6020524325,2099.34253149435,1255.65944004556,2077.11988656897,2234.47081842802,3833.08632372562,5134.11871094194,4843.22518489187,4242.24445265464,3651.79169330806,3376.66769916917,3295.88377049758,1634.163229825,1015.97050097742,1236.6259965377,528.875264598214,1909.03011855161,3700.16973539271,4992.95405612601,5432.28361913437,list(c(37.1552177758352, 37.0265690932129, 37.6697239133636, 38.4395998803737, 38.5767206596487, 37.9356049067594, 37.1552177758352, 40.3150658165757, 39.6851764008739, 39.2598740310108, 39.4614097289204, 40.0879283434459, 40.5163128633893, 40.3150658165757))
"832d19fffffffff","TR","mean(x, na.rm = TRUE)",NA,1455.89895982702,1559.26380284655,2990.44567556008,4622.102323325,6071.96542930081,6614.08335111938,6444.84685505464,6300.2313139254,6007.75053650125,5494.87370690242,4569.03421934062,3999.04484358004,2595.83009954657,2199.10349803571,2376.04023929254,4198.14799454708,5998.83549321996,6567.39922677396,6384.92653811935,6257.16071306835,6117.60418404063,5627.53879949355,4934.23286208563,3226.06587272198,1203.52677075504,1793.3224024817,1606.39259801855,4059.93964524438,5995.62880634738,6858.53667987813,6458.12707237863,6016.39736982581,5886.77855959,5618.35801256129,5005.48153952729,4209.61686389939,3174.7231444748,1682.35804748482,3342.28317117258,4924.87863270438,6130.54068070565,7229.27041967708,6940.675379025,6405.29248668387,6054.47049287542,5668.37204869839,4689.98179089083,3576.64560454113,1913.84041235766,3157.93361500215,3588.86207824597,5127.011179975,6429.47678369516,6769.869718295,6817.18657701452,6422.83645179718,6110.20170155187,5814.11247836633,3678.98215874062,2721.2793291623,2554.20544354496,1278.2102114933,2961.92792093327,4776.33885946208,6203.90114417581,6726.4171204,list(c(38.0712250759948, 37.9356049067594, 38.5767206596487, 39.3511003130491, 39.495104547863, 38.8564629638355, 38.0712250759948, 41.1394020850563, 40.5163128633893, 40.0879283434459, 40.2796799881341, 40.8993069268395, 41.3306740230315, 41.1394020850563))
"832d1afffffffff","TR","mean(x, na.rm = TRUE)",NA,960.753431143145,1233.60788687759,1963.04602443347,2999.5277850275,3496.21062225242,3086.23186241375,2608.16418621694,2356.00534935202,2270.60018566625,2225.52595587702,2291.68459564688,2077.54564818044,1130.73450787218,1595.15538730871,2130.72128629577,2891.50440011417,3061.53146322218,2629.38684208125,2345.60939202137,2241.59188810363,2222.01485788583,2054.15439985484,2041.64085640396,1534.07540549456,978.875728220161,933.165905735045,1566.74633556472,2437.47339374875,3100.57728408992,3009.16094168958,2499.19156424677,2237.43150886129,2195.20428411333,2123.10705455,2187.98349741604,2483.5553025506,1295.02787935605,982.960611340179,2507.85929014274,3515.01502233625,4037.06483188407,3697.84775206354,2988.78351753387,2594.12807902742,2508.97958402375,2508.99200801129,2466.76311956729,2356.44286397843,2022.59995626391,2213.50329330582,2719.94383954879,3643.51723782375,3954.82985028468,3127.45522386125,2681.56167295242,2474.97858846815,2445.39799163583,2338.47012232581,1485.42252814375,1395.41780845444,1438.82020102419,1007.24288695379,1962.31360532399,3062.78214688667,3666.79158642863,3472.38042933125,list(c(37.6697239133636, 37.5393957440064, 38.1706887290222, 38.9302175967464, 39.0686912195061, 38.4395998803737, 37.6697239133636, 39.2598740310108, 38.6267938748331, 38.1987520208354, 38.4006874134204, 39.030236543477, 39.4614097289204, 39.2598740310108))
"832d1bfffffffff","TR","mean(x, na.rm = TRUE)",NA,91.0535578975806,102.184862236207,956.617785010282,2398.04902340438,3940.02835143387,4511.89476212812,3960.5405218873,3361.01865894677,3105.77162048042,2806.63314821815,2270.9349887875,1493.089834875,382.697764071169,426.79668333817,877.606565140121,2338.25756828437,3735.75726339173,3876.19975268854,3467.97722914919,3266.03354723427,3067.33171845542,2830.68810159194,2384.44532448292,724.074815827823,-139.737502139315,-45.3490752953125,260.703513022581,1768.41607464458,3564.99497501331,4473.61859448333,3922.82397543065,3243.22496405202,3048.56945383083,2871.73172540323,2402.03015808104,1986.34730633931,1237.37268736069,256.14515719375,1552.96615779798,2517.66086136521,4012.57682036189,4948.07347387396,4407.35982973347,3639.23706393851,3313.98230598937,3076.63981557903,2153.58584541792,1200.4658516875,468.711012692944,942.064713913147,1429.93643004294,3100.46606254938,4331.84299949758,4439.03055249562,4056.96039254738,3461.5402759254,3307.11333015667,3173.61455577984,957.798324253125,271.428993846976,383.238406629032,30.6547028455357,979.657530581855,2711.38243366625,4267.50335794879,4810.71233179375,list(c(38.5767206596487, 38.4395998803737, 39.0686912195061, 39.832397021184, 39.9775700719536, 39.3511003130491, 38.5767206596487, 40.0879283434459, 39.4614097289204, 39.030236543477, 39.2225856230016, 39.8454833330193, 40.2796799881341, 40.0879283434459))
"832d1cfffffffff","TR","mean(x, na.rm = TRUE)",NA,1548.10944214879,1533.20859233233,2827.08341599435,3849.69492931,5178.71870493952,5450.96286460313,4599.75216773448,4101.76407690645,3750.04150396229,3388.4457969006,3116.55143797812,2922.52983147762,1779.72768991069,1985.44615987076,2613.81421818286,3700.93854926562,5050.69961482944,5263.12792309375,4429.51578945282,4159.1854883996,4103.59753720667,3604.57473863226,3290.78189990542,2658.82348430121,914.216836944355,980.68717548192,2031.27701466633,3383.64450748,5295.94569265242,5645.88477444375,4951.57268619597,4272.98314994355,3959.54113914708,3806.95245269677,3415.93458944292,3473.48542258105,2779.56307221089,1578.82021816161,3516.50010478508,4554.36163886,5742.3928795502,6138.29688668646,5219.36131055847,4436.16146198266,4122.76361038083,3757.01686096774,3358.12956782604,3291.62620263286,2428.1290437129,3389.7542461319,3672.89857479294,4576.91263670563,5939.09244519919,5321.75387603438,4621.02713275141,4123.64068731613,3937.62878147438,4010.65842969819,2976.63552567812,2305.25682975827,2780.56310701069,1723.07276594777,3162.92353607621,4799.69848798146,5938.54162742198,6058.11652838437,list(c(35.7143883720135, 35.5946153105775, 36.2513640245768, 37.0265690932129, 37.1552177758352, 36.4998924458811, 35.7143883720135, 40.5261036621726, 39.8931090412894, 39.4741909052583, 39.6851764008739, 40.3150658165757, 40.7371093127485, 40.5261036621726))
"832d1dfffffffff","TR","mean(x, na.rm = TRUE)",NA,3130.28859772399,3481.33833151875,4716.03145322399,5907.42848982562,7399.43942709113,7867.37795867125,7712.01351378548,7477.12078269435,7011.16476506667,6388.21721578266,5669.6310192125,5093.26420748952,3934.55660427177,3449.0736702,4014.5380249375,5682.22221713125,7426.89615028226,7765.84279469375,7622.55482447702,7589.53417577782,7353.48116579375,6561.81794454194,5745.09982293937,4763.6495362877,2347.99595482964,3048.48697918482,2831.37429392298,5235.44962289479,7370.59063704073,7898.43120134583,7582.32547745968,7188.07658156069,7026.13248135937,6719.08113888871,5866.41303757333,5436.65424256452,4441.74706162258,2845.07185461562,5214.54288268669,6536.0702356675,7577.42653501492,8055.24865573542,7809.51384534677,7358.83172737157,7042.88948453521,6726.72352086774,5940.00060222312,5113.35149278891,3847.36373378306,5054.61682471078,5315.6576025246,6311.4923217875,7713.55864042984,7668.460845235,7694.30696420121,7327.38126702056,7123.00369801667,6864.98515768306,5412.43044606875,4340.11336241411,4638.07600302923,2783.36885221808,4805.22499643206,6646.60747285896,7512.48464502097,7799.9374197375,list(c(36.6267001867632, 36.4998924458811, 37.1552177758352, 37.9356049067594, 38.0712250759948, 37.417759269461, 36.6267001867632, 41.3634074805156, 40.7371093127485, 40.3150658165757, 40.5163128633893, 41.1394020850563, 41.564486382063, 41.3634074805156))
"832d1efffffffff","TR","mean(x, na.rm = TRUE)",NA,-110.884863376008,123.623840342026,1306.01449354859,2588.98104605688,3495.54291851694,3442.980129195,2521.80998008105,2099.76045172581,1983.91427734521,1878.98946088488,1847.78405393125,1738.51792203589,435.849866521169,404.454292055804,1244.06955345746,2323.23495628833,2917.08739186109,3018.32281539062,2370.70649582702,2028.51073805726,2022.01573373917,1864.86016067903,1829.70881833833,610.115982930645,-138.910549618145,11.2842049901786,721.545233781653,1938.26153226521,3031.31648925282,3357.45910997708,2673.3835746629,2094.9432457625,1947.42083823042,1921.25094692581,1915.90385225542,1638.42602100605,1116.73917686351,267.678589681473,2060.45851450544,2863.09450856271,3852.87379911391,4285.07283571354,3280.30742027056,2399.16329715121,2201.28080032458,2174.30327907742,2246.00138779979,2111.99556826149,1248.87234653931,1879.92773863944,2310.57286643528,3248.32434941063,4167.99117254194,3513.5290592825,2590.06086013024,2148.50517355726,2051.20569972437,1989.58641973891,1315.60809203437,161.219642494153,515.378020712097,88.9426926388393,1274.12893856633,2643.80102099437,3874.59199924919,3907.8476373875,list(c(36.2513640245768, 36.1295780477436, 36.7743498454036, 37.5393957440064, 37.6697239133636, 37.0265690932129, 36.2513640245768, 39.4741909052583, 38.8378419585254, 38.4157152706135, 38.6267938748331, 39.2598740310108, 39.6851764008739, 39.4741909052583))
"832d30fffffffff","TR","mean(x, na.rm = TRUE)",NA,1989.14500899375,2839.81732124375,3192.06049052883,3914.45138936438,4288.06978225887,4148.84208033562,3727.73430155141,3374.03747511371,3134.80028419208,3170.35466167339,3285.4003724875,3164.95949464758,2469.74895251935,3217.02363521696,3286.21218399173,3863.43391679437,4183.86897595948,3939.03541940313,3633.49334411129,3365.4940848252,3248.59635570104,3200.35559387097,3176.99580599208,3380.03864411573,2626.0347482375,2833.06874462054,3014.17773110504,3506.13450771438,3941.39529016048,3981.0897269125,3724.76512836452,3484.65652773972,3252.72933668979,2967.10613384194,2978.75406298021,3245.84509069335,2948.13775515504,2732.37012017879,3626.04305208427,4406.76896566833,4758.51125663407,4566.84741419896,3868.6374337,3458.0888195125,3283.28033193375,3091.54338200806,3131.7848105925,3528.178581125,3421.85220164556,3488.95655450905,3831.18238854637,4336.04459345625,4263.42781097823,3740.22122450125,3564.9287407746,3348.09057547097,3249.61788334792,3066.86030963831,2968.59237091875,3205.41329329798,3275.88983147177,3089.04610716161,3305.90751070605,4194.42491846125,4412.62920369698,4002.32985954688,list(c(30.413179089107, 30.3291069683893, 31.0221060384193, 31.8002382309486, 31.8942185476574, 31.2002359672873, 30.413179089107, 40.1640337045118, 39.5175228176315, 39.1238436078213, 39.3735426039944, 40.0179767355647, 40.4148332015577, 40.1640337045118))
"832d31fffffffff","TR","mean(x, na.rm = TRUE)",NA,2650.49010077964,3249.18812848944,4178.19292054355,5350.44201059625,6405.31032762097,6736.8864501975,6454.43282611048,5832.61850873387,5408.12985052938,5534.23959627641,5325.14895582187,5003.89124661431,2997.39447739677,3945.10783121161,3745.58987647984,5150.48307427333,6289.82091363286,6684.81590026146,6309.32515970887,5902.80883622984,5642.70936455958,5373.23973427419,5121.85235798688,4194.83158884496,2179.39853966794,2261.62424347746,3160.29589041754,5109.58235818771,6171.16152534758,6679.67475373958,6563.73080781331,6215.24161276593,5951.27284234271,5340.48899100645,4818.81805701708,5144.12349672056,4322.45343703226,3007.30844965112,4775.51394655565,5830.40068418896,6512.69527784073,6935.86537040833,6510.03311537097,5827.3612340123,5692.92918909937,5462.7069300871,4931.72978071021,5040.1283783627,3843.17854428347,4596.57012438491,4949.32292216613,6043.1123997475,6678.53224077016,6294.76309048625,5995.73500755202,5746.98303550282,5719.69449680792,5544.15685884274,4097.43601244375,4544.06348203992,4878.35146744819,3915.55918609955,4633.40146286371,5661.28380734062,6460.33384062177,6537.446080875,list(c(31.2911868634416, 31.2002359672873, 31.8942185476574, 32.6798248667835, 32.7807222959211, 32.0861522587572, 31.2911868634416, 41.055406070476, 40.4148332015577, 40.0179767355647, 40.2585904108818, 40.8969402063437, 41.2969433276307, 41.055406070476))
"832d32fffffffff","TR","mean(x, na.rm = TRUE)",NA,1558.68338429577,2151.51551618858,2510.75620174657,3783.73942502313,4227.581553225,3456.811785925,2828.42141564798,2588.07629132379,2411.67150318271,2339.9256163498,2578.186000875,2578.4289123629,2512.88016679133,2523.9345194192,2868.91509488528,3507.05132796458,3572.44001801996,3030.94264717604,2755.58994098065,2547.38661981532,2445.35016330417,2279.91705930645,2150.71690316167,2020.4988303629,1179.65324323246,1117.46392608393,1559.84303214355,2670.38899403479,3424.17291667258,3540.48402068958,3048.96357343427,2686.20358468851,2423.10572260688,2384.61666963548,2515.78898815104,2704.08407106189,2192.30024389597,1755.44581167009,3076.83041080685,4177.7511774625,4626.47843280565,4170.46935358333,3362.89504939677,2834.0845468754,2696.70544543042,2493.40468766774,2437.07092746292,2711.82261603427,2633.03414385665,2831.20099527047,3439.81558032823,3922.871739395,3811.15377604516,3016.74512221187,2827.3685995248,2672.90039931976,2532.10331129625,2259.84130940484,2094.44185308125,2195.22568370524,2338.53355095121,2252.6595012692,2691.86613585242,3896.99561315833,3947.31025880544,3335.01203717812,list(c(31.0221060384193, 30.9348760595741, 31.6161179120294, 32.3853587769539, 32.4821706635634, 31.8002382309486, 31.0221060384193, 39.1238436078213, 38.4737167500119, 38.0754959143303, 38.32419732668, 38.9720746181609, 39.3735426039944, 39.1238436078213))
"832d33fffffffff","TR","mean(x, na.rm = TRUE)",NA,1466.91433631593,1905.29609163815,2449.60700816048,3692.9606034825,4211.25854481693,3302.94028429688,2400.38034836633,2017.21874250645,1919.16833883167,1854.82156164718,1867.008502825,1890.53783288387,1468.12317916895,2133.14663521987,2514.25170090302,3388.17608157042,3671.91363495383,2793.61350050104,2228.36444505645,1971.5592269373,1957.77777876479,2086.27176786129,2076.07642650125,2168.32131787621,1770.96392095867,1903.43907288638,2360.53985684496,3032.68859822729,3483.25242963508,3014.56094935,2478.70452241895,2086.29887086673,1938.24093799021,1968.07950881613,2102.67618200479,2296.16631687762,1928.95683244698,1778.09552557567,3104.81237510887,4155.01801697333,4404.07489975968,3733.2774314625,2716.93958880968,2115.55172837762,2108.89860042062,2094.28073641452,2205.41222270083,2549.25654791371,2689.44516296875,2818.41368222608,3519.40855203528,4209.55164923812,3915.22740338065,2799.6092681125,2152.23499645484,1974.84334843427,1908.65759184062,1794.9892555119,1635.45740565313,1986.85669849859,2129.72460589577,2120.9716722308,2528.70586251895,3710.05310514687,4035.08287052802,3112.41378381563,list(c(31.8942185476574, 31.8002382309486, 32.4821706635634, 33.2584714088546, 33.3620593648086, 32.6798248667835, 31.8942185476574, 40.0179767355647, 39.3735426039944, 38.9720746181609, 39.2118766973788, 39.8539165470676, 40.2585904108818, 40.0179767355647))
"832d34fffffffff","TR","mean(x, na.rm = TRUE)",NA,3035.71253775726,3905.75965761983,4383.50646692339,4987.134735635,5721.69185429758,5952.38777647438,5465.92999891835,4999.3050764746,4769.07750614833,4890.25209676895,4694.6322763875,4336.77344716532,3248.24565779153,4118.16130678326,4150.5861185625,4880.38935125812,5796.48426482298,6048.7494461625,5671.07350991613,5110.62394666895,4974.5844736725,4884.56377094516,4661.64254947646,4645.42470363407,3338.23227404577,3634.1943086,3641.05442683327,4776.49295260667,5523.37498992218,5739.12028285833,5444.46520458992,5341.47677164919,5242.03544317167,4816.56058307419,4395.37719212604,4588.25303979577,3915.81912548327,3245.89194568616,4554.09137375081,5222.58404886937,6034.77173809113,6260.8802740125,5658.90495484395,5145.4137562254,5064.920060475,4870.35296672581,4733.13857741667,5030.11628613226,4267.29966722984,4497.90829667414,4822.3717493623,5556.06013684063,5945.57830539597,5310.78730327125,5194.48509015444,4962.08529327056,4999.76162929396,4870.34189045222,4472.69851945313,4553.98129788085,4561.92231444839,4268.83098445513,4466.2764184131,5243.70201507333,5925.37682565565,5865.3207499875,list(c(28.920765617201, 28.8468688471791, 29.5501664914624, 30.3291069683893, 30.413179089107, 29.7082035097923, 28.920765617201, 40.291569725733, 39.6433105477127, 39.2578273665783, 39.5175228176315, 40.1640337045118, 40.5526444486545, 40.291569725733))
"832d35fffffffff","TR","mean(x, na.rm = TRUE)",NA,4243.8355392873,4705.99397757823,5130.99133812863,6051.57990741625,6917.1894481,7309.57560784938,7178.09785246069,6628.73476939798,6034.1343009525,6053.28903730081,5832.17498740937,5411.36015109899,4655.45926183851,4845.6755941125,4780.10961123085,5831.26283493333,6923.4940625373,7250.21440042188,7256.43887437944,6947.30732576915,6629.08224348437,6289.16509154355,5665.21025582083,5150.88246212339,3703.08685643871,4029.04167180357,3570.59825443851,6007.49604820604,6696.7705025246,7094.38313689583,7082.97390756089,6882.5759995123,6613.73552491062,5988.84401137258,5098.76063995313,5379.22500021956,4775.25816530665,3764.82603320402,5372.55616864577,6579.22988546208,7111.20830839012,7318.30681935313,7145.42844553629,6846.19072980484,6547.29154194125,6195.27099636613,5817.00632309,5737.07415133871,4961.94594198831,5249.16108263448,5808.07868697802,6931.66354673313,7047.01601545726,6650.25002039813,6714.31216381996,6372.53954698145,6195.38581472396,6147.14217655706,5213.01607624375,5427.68449614798,5342.17955305101,4448.91602142031,5333.21100903528,6573.22669594021,6939.03495197137,6949.23910211875,list(c(29.7889110255488, 29.7082035097923, 30.413179089107, 31.2002359672873, 31.2911868634416, 30.5849136676843, 29.7889110255488, 41.1951213757695, 40.5526444486545, 40.1640337045118, 40.4148332015577, 41.055406070476, 41.4471300751178, 41.1951213757695))
"832d36fffffffff","TR","mean(x, na.rm = TRUE)",NA,1360.99097178992,2793.13242098491,3345.27558514073,4489.19280856625,4931.96409311129,4839.86961763,3993.49245116411,3559.56549423065,3372.54901609375,3672.21512039839,3858.42901906563,3659.65871588488,2459.91141938306,3706.07231054621,3883.55530895665,4478.99668827833,4811.01387709536,4571.63497401354,3934.71512781935,3515.57859505988,3428.86132999021,3457.58624487581,3462.46797111437,3496.73782056028,2341.55948538952,2113.13470776429,2884.40074857661,3839.5268511375,4512.42570292097,4800.87009558958,4134.22969908427,3820.12942897742,3623.9538650225,3411.72534910645,3379.20424201437,3682.81363151512,3322.87665762762,2979.4525818808,4077.64517111411,4812.10357693062,5616.70031994496,5731.40494286771,4558.20809702944,3861.24783328105,3786.30677056417,3662.45147594032,3737.27575233396,4027.56895091069,3721.10967274052,3797.1385826972,4238.62893737621,4714.17443140875,4917.21514873468,4210.69781643062,3744.98403036754,3573.70146154274,3655.68075780833,3472.50632633992,3370.67556961563,3601.09776753488,3599.75306919133,3402.91863372009,3643.60222853528,4808.12408959875,5326.64399219315,5098.12398198125,list(c(29.5501664914624, 29.4727907711459, 30.1644314314689, 30.9348760595741, 31.0221060384193, 30.3291069683893, 29.5501664914624, 39.2578273665783, 38.6057779803535, 38.2153014627449, 38.4737167500119, 39.1238436078213, 39.5175228176315, 39.2578273665783))
"832da8fffffffff","TR","mean(x, na.rm = TRUE)",NA,2971.76769357117,3242.76033106703,4039.86592667278,4121.21578302812,2836.65951083871,2032.0227974175,1988.37219453911,2057.81428585524,2055.7364323475,2017.82004457661,2420.85852115937,2794.94826411028,3176.41773037319,3484.64408362746,3600.74517516532,3253.04403598458,2293.28484700081,1917.88979610417,1943.63538051331,2049.16230243044,1978.62972357479,1850.96579012903,1820.62485890771,1893.84426718448,1966.84855756028,2154.91986362946,2847.83560314738,2831.00689316292,2451.47884009617,1880.61904455312,1847.91342429677,1934.56048160867,1945.15831666354,1848.05759770323,2111.43961151812,2737.01588802762,3132.55645883024,3213.92261173415,3952.21261940524,4208.09737544146,2971.95376545262,2096.97706335937,2006.78391914919,2103.13639849617,2146.82517114271,2093.45315120806,2139.83052992333,2676.81681242581,3672.56815409113,4153.5852686181,4484.76541417964,4036.33231613187,2583.55489970968,2035.21898904438,2030.30395165181,2084.87864304476,2057.89248978146,1960.03491596633,1925.45055917188,2096.75309190786,2270.54641531048,2473.64471319286,2539.97306104496,2829.15047326271,2216.43031391734,1906.83110795625,list(c(37.2838016905427, 37.1584731622513, 37.780160694358, 38.5253243563891, 38.6585662194961, 38.038832616685, 37.2838016905427, 37.3516184831933, 36.709818345525, 36.2828560330811, 36.4944240426041, 37.1326349046004, 37.5628943728051, 37.3516184831933))
"832da9fffffffff","TR","mean(x, na.rm = TRUE)",NA,2279.53007213266,2719.26215540733,3857.56080920706,4781.77983625937,4023.84778359274,2716.16451888563,2489.48748872722,2462.86725310282,2387.64147363063,2277.39695153327,2547.4667439125,2900.63562893952,2997.62130764032,3659.46752379955,4195.27098425343,4451.80759372521,3279.47164682097,2459.14472758125,2356.0415966996,2479.69806991552,2372.33046388146,2204.80390272097,2260.92418405042,2237.8266553254,2189.77579100887,2210.44197079308,3236.17017193629,3878.65892740563,3837.71666053306,2679.06328572083,2359.07630567097,2413.67440695746,2394.02737504812,2283.78638794032,2544.58193001437,3121.27446950867,3153.34913390101,2811.2428753,4056.23715519819,4947.51030912667,4453.25770878468,2916.03406340833,2529.88097044758,2570.31799463911,2607.00271748208,2523.73662579677,2467.91478146396,2904.67001982036,3451.03421062641,3857.74405605108,4562.17807883448,5111.19073950188,4111.39644718306,2772.60311970875,2537.53338746613,2504.76368257339,2512.788017105,2306.02648156492,2057.457783875,2231.52732504355,2378.30857927036,2461.48475984554,3264.17490230968,4231.97640468812,3727.33546974516,2843.68694025,list(c(38.1706887290222, 38.038832616685, 38.6585662194961, 39.407914518024, 39.5476026907336, 38.9302175967464, 38.1706887290222, 38.1987520208354, 37.5628943728051, 37.1326349046004, 37.3350712962753, 37.9672401121948, 38.4006874134204, 38.1987520208354))
"832dabfffffffff","TR","mean(x, na.rm = TRUE)",NA,3148.55786607278,3750.61726937435,4948.67874995504,4525.02267247188,2530.51039028952,1744.36256503125,2005.76048142419,2456.37214841895,2382.75003247792,2034.51761442218,1930.83223900313,2037.71765703891,2410.04044642117,2834.14413430402,3006.42388382198,2758.690742935,1987.7013319625,1672.74592452292,2092.14347904839,2446.09236154516,2308.65650606583,1906.08526784516,1539.46746366354,1528.51910920302,1596.81514589093,1730.5681474221,2287.01012295302,2239.93537602396,1888.76602173165,1519.64670289271,1967.80501806895,2439.77445362298,2437.61463799125,2005.62209008548,1843.84426286917,2065.09672792339,2439.27041697399,2779.45712204018,3813.67707501694,4446.77703499688,2886.67750861492,1863.03183104375,2069.50806287702,2606.50145946815,2681.69801404917,2271.33196756452,2025.26310370208,2435.57203603992,3402.55402711633,4246.71157895237,4891.85776480464,4073.19781496938,2360.97712652581,1877.17251925063,2175.63502142157,2531.6630970125,2504.89433620104,2026.75967764819,1709.21664889688,1652.8887611498,1764.4286104744,2107.25169017902,2530.66414547641,2725.70202466208,2262.99368804617,1708.88432384688,list(c(38.6585662194961, 38.5253243563891, 39.1337945676761, 39.8731305708987, 40.0139039053531, 39.407914518024, 38.6585662194961, 37.1326349046004, 36.4944240426041, 36.0624693001621, 36.2654980432945, 36.8998654957484, 37.3350712962753, 37.1326349046004))
"832dacfffffffff","TR","mean(x, na.rm = TRUE)",NA,4337.66253108024,4524.79655114526,4921.00254181109,5420.81596886188,5191.85866852097,4743.39916697875,4507.64954440161,4237.02108243185,4011.57007429187,3804.72387574819,4023.57927309375,4239.72890662379,4241.94550141875,4622.12038173951,4897.56589735524,5051.68329711917,4834.71848399919,4522.40788798125,4280.99433815242,4193.78769697379,3997.04612212,3838.65588844194,3721.71485195146,3717.85936387762,3700.54859520141,3891.52790531228,4187.51304960161,4584.00280021708,5002.33446373972,4793.39696085313,4516.6967150754,4230.46708530222,4041.75080833563,3787.71981975323,3837.39782359083,4287.37936510887,4387.29522257923,4273.15139851897,5001.72852220544,5214.17156658313,5140.9161732377,4774.07592920937,4445.84878561774,4095.46106908992,4058.74966600208,4042.50261317581,4088.02791074458,4252.81562878589,4806.62432766754,5045.82808490927,5246.68511208508,5388.6505850625,5279.82900831774,4538.94423068688,4532.7193859006,4405.39408615081,4262.98575234562,3950.18379814536,3711.9879371875,3898.45022354919,4107.05951932903,4158.45182952768,4382.59732957198,4754.62447623396,4953.74399037036,4659.19159508437,list(c(35.8908053010195, 35.7737579216213, 36.4082420185394, 37.1584731622513, 37.2838016905427, 36.6507152816208, 35.8908053010195, 37.5560761706642, 36.9109567346151, 36.4894767402433, 36.709818345525, 37.3516184831933, 37.776427207334, 37.5560761706642))
"832dadfffffffff","TR","mean(x, na.rm = TRUE)",NA,1302.42934470847,1521.64731443707,2317.16767789657,3325.04927682562,3609.46914308387,3152.12753786437,2743.4661903744,2539.53152205726,2427.61079070333,2365.9957105754,2467.09353931875,2442.21461520121,1469.50014738649,1846.41278652232,2447.45304316673,3335.987664725,3307.89734079859,2858.25947903438,2597.41134368065,2493.547447375,2398.01885212042,2228.30667417742,2200.22580734958,1498.18972819234,1157.81827351593,1093.56149345223,1674.5016767873,2568.69055109042,3321.28900249718,3130.01871784375,2727.41026408952,2492.09592710464,2422.80941951771,2275.52451308065,2396.41256554583,2678.2605688121,2142.55906735302,1472.40609972768,2919.09120051714,3661.4190779575,4068.26838774879,3572.6579515,2956.2967340375,2676.97393638347,2607.83765771208,2583.60356910323,2630.77719296854,2613.03922378367,2540.4093170752,2622.50199304978,3176.56471279214,3880.91686393813,4106.29404075081,3101.27903914312,2823.10390616996,2646.6537986125,2568.04606129042,2448.96980470121,2085.40500467188,1925.42474335141,1871.53416946069,1504.61256460647,2355.12522919819,3151.38725626229,3667.08547261109,3369.08933745313,list(c(36.7743498454036, 36.6507152816208, 37.2838016905427, 38.038832616685, 38.1706887290222, 37.5393957440064, 36.7743498454036, 38.4157152706135, 37.776427207334, 37.3516184831933, 37.5628943728051, 38.1987520208354, 38.6267938748331, 38.4157152706135))
"833f60fffffffff","TR","mean(x, na.rm = TRUE)",NA,5281.77126838569,5602.35283993685,5644.02271651129,5318.7553641975,5016.54289832903,5050.70608160375,5129.89320949274,4926.04567430242,4686.28667736958,4718.66006762097,4771.3461624,4990.23976626935,5363.33614488165,5367.23570139152,5405.8459542748,5105.94221137125,4724.26628956895,4848.75685436667,4870.26701495766,4646.64872311371,4543.857424325,4883.53962995323,5290.45031902063,5623.76011423004,5562.29681554758,5512.78736497879,5296.30027203226,4966.40519997312,4734.77337464355,4866.93451195833,4865.94443919274,4844.47506342278,4675.71190211312,4355.84627259677,4479.83941490271,4887.19222167964,5320.27739579073,5221.05089954509,5731.26009192984,5486.73527207,5372.47180339113,5511.19501841042,5305.27798521492,5056.91178439677,5057.35541860667,4829.6762500371,5194.96626410875,5686.04012284637,5841.78720753367,5717.30108506099,5653.64271261008,5315.53509078,5021.62098607097,4828.84609770375,4875.28684457298,4731.18181401855,4966.45429750792,4704.19433486089,4683.17875886875,5251.75278913347,5579.6088572,5580.15880848348,5405.45883517319,5535.92422310896,5291.82939122319,5161.11444189063,list(c(27.2310799331747, 27.1702126084373, 27.8691033118282, 28.6312855612424, 28.7021497665707, 28.0008878303956, 27.2310799331747, 38.4419131748988, 37.7833297180811, 37.4041264221421, 37.6804114859027, 38.3375790713167, 38.7199250111835, 38.4419131748988))
"833f61fffffffff","TR","mean(x, na.rm = TRUE)",NA,3126.77828186331,3456.02060380991,3857.46671226069,4476.83117051063,4316.33754854516,3775.19589413563,3541.69253535585,3412.05768691008,3325.84928023521,3450.46593999617,3622.48405066875,3639.6550763996,3718.39987790343,3876.15770947388,4071.16030865222,4270.27025141604,3881.7493569752,3521.90168252604,3347.20735942419,3217.6442984379,3211.58173010958,3285.82415045806,3315.4603946825,3530.29756514113,2889.60435636633,3063.6830663846,3111.71903133065,3693.66082808583,3995.41020222258,3870.28122878542,3539.66293606935,3510.89503565685,3375.98008493083,3226.04534096774,3316.06611616125,3566.08287280524,3463.55525282177,3317.4020278308,4233.89661011452,4698.54764092792,5045.97505043972,4667.89906122812,3914.6355392504,3641.96451265181,3620.66065072771,3544.6072302,3776.31702236854,4119.74298397561,4194.86016328569,4102.01616014763,4450.16774402077,4575.27577452063,4201.65571172419,3507.72955294688,3491.6743071006,3423.43073440323,3404.05012586479,3216.88742679456,3370.8860511,3697.14239693548,3799.42625055484,3781.79787439911,3905.03584773508,4763.14471351375,4676.67130842056,4193.84499516875,list(c(28.7021497665707, 28.6312855612424, 29.3212139833547, 30.0837812981113, 30.1644314314689, 29.4727907711459, 28.7021497665707, 38.3375790713167, 37.6804114859027, 37.2931582080128, 37.5598948135072, 38.2153014627449, 38.6057779803535, 38.3375790713167))
"833f63fffffffff","TR","mean(x, na.rm = TRUE)",NA,5710.18466449778,5623.20514514203,5504.62334493609,5531.76275197687,5156.18772158145,4893.099699625,4828.50611473508,4802.97909529476,4815.08061172271,5047.57735223367,5496.35218149063,5678.96104685585,5608.70186129032,5445.30017640446,5449.9993706621,5301.0180766925,5025.08345051774,4892.41988838333,4690.96738014758,4516.8528263752,4636.70641798229,5103.80509534516,5511.50563438333,5793.27912041129,5304.23171687641,5329.62131006629,4999.20972466452,4906.10528898333,4854.78109645867,4748.02450399687,4559.60721739032,4644.1540077131,4674.58657327479,4810.47278335645,5207.00408748208,5488.93146098185,5477.08914155262,5247.9961659058,5358.6759017873,5362.1443649975,5332.46228498105,5220.26864286875,4858.16173247702,4725.59950171895,4979.61208102917,5087.57140276935,5608.11615007583,5975.82341331694,5809.94418703669,5682.25182965733,5623.26327490605,5526.35431587375,5233.4909992879,4668.44751757437,4710.83909087762,4667.11287417702,4878.65086771896,4873.31946720907,5226.0714347,5705.34712574355,5541.52510900625,5414.59609487098,5302.31322601431,5551.01854629833,5312.22748814294,5295.89280223438,list(c(27.8691033118282, 27.8045640326546, 28.4924472627408, 29.2469703092479, 29.3212139833547, 28.6312855612424, 27.8691033118282, 37.4041264221421, 36.7422805248901, 36.3582664274404, 36.6329049064842, 37.2931582080128, 37.6804114859027, 37.4041264221421))
"833f64fffffffff","TR","mean(x, na.rm = TRUE)",NA,5372.69254780343,5535.84908263168,5633.54764600302,5388.59499626937,5220.72474146129,5032.521496135,4865.00758275161,4601.00183766895,4323.16668556583,4668.96887274314,4836.56510110313,5000.70711214859,4904.91586155202,5249.82880258683,5255.75384812601,5396.37982134083,5188.92496183145,4893.93220321458,4771.24029008669,4606.59843666774,4506.9985182675,4877.70422224516,5302.84832595271,5708.04022941189,5599.12619904153,5519.01055571406,5176.76587705464,5164.37629669,4868.626037075,4717.90680081042,4553.15959012298,4616.11351540524,4542.29454398542,4411.67588379355,4534.45201755875,5073.36941147863,5348.82513328407,5264.09838571406,5746.98665322218,5781.38590492958,5520.89440984315,5155.87443771042,4864.94473031169,4763.45535091593,4748.96438721729,4566.54315756129,5149.46696851042,5799.59173060927,5867.42103272117,5719.91124627608,5686.41518676411,5722.7337868775,5199.68904591855,4680.65430710625,4739.11275155524,4622.8570196504,4776.45823624583,4509.89169626169,4623.035236275,5277.75840840968,5480.59738183367,5527.50591515402,5498.00499439456,5510.72979853042,5204.89987085827,4841.12300008438,list(c(26.5780163452926, 26.5210279107637, 27.2310799331747, 28.0008878303956, 28.0681707953134, 27.3554015592177, 26.5780163452926, 39.4706490302752, 38.8157746253214, 38.4419131748988, 38.7199250111835, 39.3735597616792, 39.7504715214071, 39.4706490302752))
"833f65fffffffff","TR","mean(x, na.rm = TRUE)",NA,3913.94247197984,4490.38007349957,4764.93626946391,5222.79602468187,5251.99925623548,4922.55899718375,4574.27709400202,4295.48853345927,4178.2119207925,4415.38113150685,4435.10249424375,4409.19984160121,3840.55493780867,4593.26721312634,4776.04629420726,5177.77785897313,5348.40939780524,4969.96505089792,4574.92294120323,4258.83434769133,4174.72631552312,4399.17478558871,4666.04455793292,5049.88732355363,4699.74796692984,4504.1831979279,4468.91184811331,4808.11384411271,5011.41719345383,4807.88807774687,4426.9050909875,4328.23380123145,4214.61532944625,3962.09643318226,3885.97370255312,4386.20775375665,4333.62414785847,4108.15569293304,4960.54442631391,5373.55039072771,5921.7198833502,5632.97315980104,4882.7517301754,4504.50127209456,4543.95320078479,4455.62981935968,4754.70054056938,5051.7143120119,4939.17195878569,4841.89738196961,5062.03932510988,5528.61438505812,5403.23747994597,4557.1919823725,4374.87036538306,4296.80763430645,4454.5750093475,4246.15344498468,4201.64810531562,4673.27420295585,4733.31123340141,4641.84454508058,4758.54054629597,5445.102403835,5685.77457651754,5226.12727192813,list(c(28.0681707953134, 28.0008878303956, 28.7021497665707, 29.4727907711459, 29.5501664914624, 28.8468688471791, 28.0681707953134, 39.3735597616792, 38.7199250111835, 38.3375790713167, 38.6057779803535, 39.2578273665783, 39.6433105477127, 39.3735597616792))
"833f68fffffffff","TR","mean(x, na.rm = TRUE)",NA,4373.15007241875,4453.59708308427,4655.88126675484,4852.334039415,4964.1107873129,4857.35714939437,4643.75334084093,4645.11470449194,4521.86787592896,4602.47203372923,4857.92000469688,4882.35557808851,4696.30859738145,4560.08625026674,4601.02899251835,4739.18841132875,4779.24558390726,4728.5571545625,4484.75190241935,4281.1159650875,4286.12428388542,4410.48465408226,4580.86577586583,4289.9305473379,3611.18862332157,3600.48859991071,3741.79960911512,4127.71905886708,4302.82900915907,4487.15794723437,4316.58486045242,4239.26387589476,4173.73618559917,4384.92552833871,4693.28245374042,4805.04110651895,4559.57531233327,4051.76720750603,4445.27234921028,4711.26511802187,4887.37096489012,4978.92328481146,4632.35568129153,4341.88786740746,4556.11302061729,4697.81957313065,4886.81081420833,4959.41849835968,4758.56445955444,4810.22698425,4917.7913004629,4906.08546380875,4973.78574674677,4502.09572618812,4504.08414299294,4468.91705566492,4674.60371564854,4626.48761444052,4594.66914352812,4574.42144033085,4573.25969053548,4469.45871894554,4499.89164565323,4906.49338980333,4914.89776005927,4925.98923931875,list(c(30.7639637156461, 30.6802343210698, 31.3491604230933, 32.1026680908084, 32.1956329673272, 31.5259268799785, 30.7639637156461, 37.1649570143789, 36.5066400572422, 36.1077810081767, 36.3639119278273, 37.0199587568487, 37.422185997514, 37.1649570143789))
"833f69fffffffff","TR","mean(x, na.rm = TRUE)",NA,2319.28419835343,2626.06889114289,3165.98418631653,3720.79453311625,4004.08088762419,3864.28464153563,3587.44081275625,3483.49233395323,3491.51481439021,3514.70156268488,3626.51825105,3620.4851048629,3133.93063957863,3025.40967979487,3178.62433150867,3631.18163277958,3878.0227714748,3750.27421916146,3372.14205074597,3298.65711460605,3359.01846911083,3397.01090675645,3530.04916331,3014.88698000968,2193.70430948367,2106.56615671853,2432.33298495121,3135.95129354667,3657.42863711895,3741.67276155208,3595.45047304234,3449.49671955605,3402.16387328333,3530.33688722258,3783.88055852063,3792.5633461881,3389.0228234254,2709.34882805022,3391.4287859131,3799.8261388225,4028.84662660484,4055.98965388333,3646.12701359395,3412.07820899194,3493.13695171042,3554.59453427903,3630.23387255438,3721.9795124877,3418.72744929899,3381.91709430797,3656.97415517702,3797.82656977375,4100.28552802258,3718.81140756188,3557.06608146351,3530.57571700121,3577.9385662125,3522.9606766246,3558.56510773125,3426.35393028427,3461.91921079536,3226.10978886272,3426.57667005907,3811.54838987354,4010.30021569456,3943.24711092187,list(c(32.1956329673272, 32.1026680908084, 32.761061168435, 33.512662330235, 33.6145837232131, 32.9560268753713, 32.1956329673272, 37.0199587568487, 36.3639119278273, 35.9582197563213, 36.2052096833022, 36.8586640166406, 37.267759321019, 37.0199587568487))
"833f6cfffffffff","TR","mean(x, na.rm = TRUE)",NA,2072.54193866754,2852.83490586056,3415.97411150948,4285.30516642437,4672.26003484758,4371.41965691687,3825.56663412964,3687.93572572581,3527.5870463425,3647.85566739839,3950.80592507813,3797.15495778891,3243.0433659371,3509.9140990558,3669.19357069476,4125.651115465,4165.97801642641,4123.43940758021,3728.8215663371,3501.91011508347,3543.52786511458,3640.39486202258,3588.89484723854,3333.13394255464,1989.58945363609,1585.18497270737,2396.8517217373,3403.90275970979,4077.03645136089,4277.38108943542,3771.28059227339,3648.00019337722,3600.97239920854,3592.13172614839,3567.041348915,3610.32733720323,3259.0600571127,2821.33063807723,3661.40323960988,4257.12095661208,4872.68820112036,4965.34442884896,4158.35699365645,3607.28356272077,3774.97570033271,3812.66091885161,3919.66888344833,4052.92631672581,3853.12369906109,3664.07767223944,4014.50985031109,4375.04060766063,4539.82893597984,3876.07749532063,3707.6704011127,3650.71133340484,3818.12755669021,3694.54384143246,3537.82210577188,3540.55770401915,3511.74564675927,3405.88802997009,3483.58491539778,4375.96492380979,4638.71101940887,4369.095252825,list(c(30.1644314314689, 30.0837812981113, 30.7639637156461, 31.5259268799785, 31.6161179120294, 30.9348760595741, 30.1644314314689, 38.2153014627449, 37.5598948135072, 37.1649570143789, 37.422185997514, 38.0754959143303, 38.4737167500119, 38.2153014627449))
"833f6dfffffffff","TR","mean(x, na.rm = TRUE)",NA,1132.05831104718,1935.01624461207,2751.51203845282,3976.1779427525,4232.35796772016,3854.99964232937,3466.09071490383,3212.51000469395,3000.84432668875,2720.21236051694,2636.17773683438,2644.02699892802,2335.87874647823,2335.41274166987,2794.09231047944,3609.82630966438,3895.5580156002,3584.51561575104,3242.07681649032,3075.6945338756,2964.27055480812,2699.46918108548,2561.41958809104,1966.13337363931,702.421629016331,521.684177263839,1532.03886602742,2947.21926544187,3787.38050746895,3920.458101325,3568.63494101452,3215.16830140645,2972.21068750875,2888.99133041774,2780.03181326896,2825.34848227198,2239.92573646129,1499.67684139688,2987.6862139119,3817.27971606479,4377.65635814758,4334.30619689167,3745.4763234375,3296.24963486895,3155.30253339667,2968.1842458629,2800.49766558125,2952.58746435524,2763.28846170181,3108.00693978815,3572.74133950968,3980.62217558625,4251.09798411694,3571.35467527625,3322.42181741774,3239.79653471734,3106.20637187438,2849.76072517964,2243.23451629687,2639.44929818206,2692.08945603488,2511.04824524219,3005.93928079597,3809.39793220292,4062.44205960262,3802.32225303438,list(c(31.6161179120294, 31.5259268799785, 32.1956329673272, 32.9560268753713, 33.0554825624456, 32.3853587769539, 31.6161179120294, 38.0754959143303, 37.422185997514, 37.0199587568487, 37.267759321019, 37.918647494647, 38.32419732668, 38.0754959143303))
"833f6efffffffff","TR","mean(x, na.rm = TRUE)",NA,3210.30331883931,3543.01873481961,3840.27932320726,4357.28382964125,4420.17904388145,4073.27473167875,3698.57710944839,3583.52315051815,3536.24401131479,3581.67592863085,3811.18075235313,3845.78911884214,3761.55164385806,3754.42404149643,3811.05767612278,4114.31399658229,3985.62073464456,3872.89448465729,3567.07044100605,3447.23035430948,3557.04072963146,3687.32150511129,3687.89895108188,3607.74142996109,2871.47327791855,2860.72567130536,3094.35645189315,3544.63981566125,3915.18945938185,4063.87318864375,3667.20034214395,3624.92100304032,3576.40822946958,3609.87978697258,3793.7999679175,3881.64316611855,3474.29419767218,3229.57580813661,3881.65388001069,4264.08603946438,4756.69875914234,4728.06261706042,4017.06185631774,3633.23532557419,3796.62690927333,3856.95743881613,3994.97798487917,4060.5921522121,3962.26088529274,3940.507256025,4151.85887266371,4215.1171891475,4217.87812238065,3780.03359440187,3639.16805852923,3589.16815930081,3713.11163932604,3630.70095231875,3816.166615725,3813.01475683548,3582.49532414778,3539.54396342679,3631.43464498065,4223.69939118229,4457.16225029234,4401.26191806875,list(c(29.3212139833547, 29.2469703092479, 29.9257440988867, 30.6802343210698, 30.7639637156461, 30.0837812981113, 29.3212139833547, 37.2931582080128, 36.6329049064842, 36.241280853277, 36.5066400572422, 37.1649570143789, 37.5598948135072, 37.2931582080128))
